url,malicious
http://www.facebook-log1in.com/,1
http://getir.net/yg4t,1
http://crosscitydental.com/,0
http://www.tenttrails.com/jscripts/product.js,0
http://103.224.193.105/,0
http://www.utopiapalmsandcycads.com/images/caryotagigas_002.JPG,0
http://www.nephilimmerch.com/,0
http://santostefano.sextantio.it/wp-content/plugins/gk-tabs/gk-tabs.js?ver=4.4.2,0
http://support.itum.no/,0
http://www.401autosales.com/WebResource.axd?d=LaYm4CZKcnIDQYMkR52y_yskLob_6g_mg5SJGKKCY3oAF5oFh_WJcGeuiLM3uZYGhrQaKTQzE84_sPPnVJVimRy9h1c1&t=635792775765829480,0
http://168.1.121.142/,0
http://flightslondonjapan.airlineticketslyx.com/,0
http://greattrips.info/wp-content/plugins/responsive-lightbox/js/front.js?ver=1.6.7,0
http://serveourcity.com/soc/wp-includes/js/jquery/ui/core.min.js?ver=1.11.2,0
http://fidarab.com/project/dwgdoc/101f99f81424d40931f91e87688b1d3e/,1
http://steamcommuneity.com/,1
http://cf-2015.kinzaa.com/fonts/Gotham-Book.ttf,0
http://zevrix.com/BatchOutputOffice.dmg,0
http://orvalli.rabbitmake.ru/nethost.exe?etag=b3ce473840120cdfe912bb2a9bd88dce,1
http://fanne-server.be/,0
http://zvirata.zdarmainzeraty.cz/nahlasit-chybny-inzerat/22794/don-sphynx-kotata-s-pp.html,0
http://olioiannotta.it/,0
http://askwalkintubok.live/,0
http://www.tamtamdesbaronnies.com/2006/images06/Versaveau5.JPG,0
http://41.79.4.200/home/bank/index.html,1
http://source.qunarzz.com/,0
http://raadgostar.com/dropbox/index.php,1
http://107sbtd9cbhsbtd5d80a13c0db1f546757jnq9j5754675768544694.bodydesign.com.au/JhNjHuYuHjNbNhJ/index.php,1
http://www.lagou.com/nearBy/preview.html?deliverId=891914063457669120&,0
http://android.downloadatoz.com/,0
http://www.koegeflyt.dk/wp-includes/js/jquery/jquery-migrate.min.js?ver=1.4.0,0
http://200.24.17.68:8080/jspui/bitstream/123456789/591/1/AA0288.pdf,0
http://www.starlit-group.com/js/main.js?v=2.0,0
http://electronistore.com.ar/1/smwr/index.html,1
http://www.acutruss.com/js/prototype.js,0
http://sweetsoseibo.blog.so-net.ne.jp/,0
http://www.renovocoatings.com/htm/Products/main.htm,0
http://www.kidsfurnitures.org/page.php?www573b6541cbdc12.14820558,0
http://miskahuszar.hu/wp-includes/js/wp-emoji-release.min.js?ver=4.5.2,0
http://hfdj.agridoor.com.cn/docs/maven-jars.html,0
http://casaletdelaclua.info/,0
http://www.theyellowbarn.net/yrm280r4ype840d9gdlka01ecv82nj,0
http://api.definition.org/wotd/,0
http://www.william911.com/Scripts/swfobject_modified.js,0
https://www.required-notification.com/home/shop/567ed/clients/?7777772e72657175697265642d6e6f74696669636174696f6e2e636f6d,1
http://www.aldeiaparatii.com.br/prototype.js,0
http://www.latestviralspot.com/feeds/posts/summary/?callback=jQuery182009603890543803573_1463781090301&category=health&max-results=5&alt=json-in-script,0
http://real4x4forums.com/PinzgauerBBS/index.php,0
http://www.battleroadtc.org/wp-includes/js/jquery/jquery-migrate.min.js?ver=7824142c644fe331500e2a3a71b30caa,0
http://greenplastindustries.com/cgi/log.php,1
http://0cqsd.voluumtrk.com/8d352ada-ba38-4ae4-a3af-e0454273ec08,0
http://orange-sabaijai.exteen.com/20111101/sketch-odopod,0
http://api.dev.pm.s-mind.de/,0
http://107sbtd9cbhsbtd5d80a13c0db1f546757jnq9j5754675737617256.bodydesign.com.au/JhNjHuYuHjNbNhJ/index.php,1
http://helpos.ga/1799/win/c/your-computer-is-locked-call-us-at-tollfreenow--1-800-774-1799-your-computer-is-locked-call-us-at-tollfreenow--1-800-774-1799,1
http://thzxvr.net/c1,0
http://www.comicalaccessories.com/wp-content/plugins/woocommerce/assets/js/frontend/woocommerce.min.js?ver=2.5.5,0
http://www.willsgolfcars.com/,0
http://glowwatertown.com/site-content/themes/tanning/js1/jquery.min.js,0
http://www.nittel.co.uk/,0
http://www.infomarkt.es/mod_pagespeed_beacon?url=http%3A%2F%2Fwww.infomarkt.es%2F,0
http://newre-conversions.clickmeter.com/redirect?id=enT7r2H2sDpaJ4t8M7pJSjLEhbn4FGDQWxNxt1yqZt6jjgy2RdvNVyevyxq9dPzuQfFFWiY2ceFH6hnuJWrjwZMoUqacLeq6BesUm4GtbzeRLd1DGAJz2T9Hj174PLZGhAzP8wsuh3Jfrx25dNmEHBm1AGyCaC4J7KYTP2nxB4kxtwgKCrLbW6dR8bts6GXAokRGJypEJBnBkq1BjWiyoXzs94BV2id7Z652pxF83UB5pj1aYbUshFugZ7nFa4bXTVUUtb,0
http://getgold.jp/,0
http://femidaneo.ru/web/mpp/update/websc-carding.php,1
http://www.tanakashinya.com/tanki/analyze/taizai.cgi?jikan=120&PageNo=1,0
http://gantt.firemanager.de/,0
http://app.booknode.com/,0
http://stair.stanford.edu/index.php,0
http://www.reitschule-waldeckhof.de/reitschule/preise/,0
http://erada.e-monsite.com/themes/combined.js,0
http://static1.lainformacion.com/static/BB3HTML/js/lainformacion.min.js?hash=16d3fab7f3a2bf10c83ffdb038f606b6,0
http://youngrefugeecause.nl/,0
http://www.aloftaeroarchitects.com/sites/default/files/advagg_js/js__NGc_9Z_EAgc5tatHwomPm8FLOdl1CynjQ7yyahGW2Po__hdlzvd9kf89oFLMnrMT5ppPf0bM9I7EZ1ESbPqzPFrE__fYYnc1BUamJGoQVRxjyrqBeFHq_R7-NE6EpT4PGh_dU.js,0
http://ostonia.judge-nobody.ru/nethost.exe?etag=978bf5592554b6ae55cccb05262c1bf5,1
http://www.mabanyedris.com/wp-includes/js/jquery/jquery.js?ver=1.11.3,0
http://images.navy.gov.au/fotoweb/_static/js/libs/jquery-1.8.3.js,0
http://giotakiscups.gr/,0
http://www.verdeco.be/,0
http://00694.net/shxw/6.html,1
http://troublepcsolution.blogspot.com/2013/05/samsung-default-id-and-sws-password.html,0
http://www.epicorderoftheseven.net/_api/dynamicmodel,0
http://www.westfieldpsych.com/js/Raleigh_Md_BT_400.font.js,0
http://www.3-ci.com/,0
http://csm-e-eur3aws-547.cds1.yospace.com/,0
http://www.remedypilates.ie/wp-content/plugins/photo-gallery/js/bwg_gallery_box.js?ver=1.2.86,0
http://mensjournal.disqus.com/embed.js,0
http://boubous-in-nola-2012.overblog.com/2015/11/red-dress-run-course-des-robes-rouges.html,0
http://www.unusualsuspects.uk.com/,0
http://cairoresidence.com/theme/plugins/owl.carousel.2/owl.carousel.min.js,0
http://ertongv.com/ddz/zl/117.html,1
http://adhibinakomputer.com/wp-includes/Gdocument/4764a8a5aef07d281086b2b1723c9713/main.html,1
http://sorbyadamswines.crudev.io/,0
http://oryginalneobuwie.com/js/mage/translate.js,0
http://www.uctranslation.com/media/system/images/vs/files/login.php,1
https://hinterlandweb.wordpress.com/tag/www-casertace-net/,0
http://www.bosgoed.com/sites/default/files/js/js_UWQINlriydSoeSiGQxToOUdv493zEa7dpsXC1OtYlZU.js,0
http://suavium.com/lojateste/js/wellsfargo.Gucci/,1
http://athawes.co.uk/wp-content/plugins/ml-slider/assets/sliders/nivoslider/jquery.nivo.slider.pack.js?ver=3.3.5,0
http://www.oidemase.or.jp/about-yamaguchi/tourism/nature/,0
http://www.mcjsegprontaresposta.com.br/jsj/Arch/Arch/Archive/index.php,1
http://nfkeyrt1bj.s.ad6media.fr/?d=1464266656542&r=http%3A%2F%2Fwww.thevibe.fr%2Farticle%2F15-choses-absolument-faire-avant-25-ans%2F10015%3Futm_source%3Dfk%26utm_medium%3Dpagetbs,0
http://www.kadiran.ir/index.php?do=stpage,0
http://somalidatingspot.com/ow_static/plugins/google_map_location/js/jquery.migrate.js,0
http://www.orosolidochocolateria.com/GothamLight.ttf,0
http://www.pharmavista.ch/Images/Generic/BD/H02AB06.html,0
http://caffebaroni.com/,0
http://aoihc.com/,0
http://www.cancer.lu/fr/photos,0
http://new.shop-terdet.ru/,0
http://platformatunionstationresidents.buildinglink.com/v2/Global/Image.ashx?ImageId=27774&Type=ProviderLogoSmall&nio=ProviderLogoSmall&digest=vKkJ7erwv+OGGrr3xkNyfw,0
http://www.jgsbbdiner.com/Menu.htm,0
http://syman.github.io/cloud/2013/04/26/openstack03/,0
http://hiru.mm.to/,0
http://dulichonline.info/nhung-dia-diem-du-lich-dak-lak-noi-tieng.html,0
https://samisto.com/cele/Excel/excel.php,1
http://www.truemadefoods.com/,0
http://librarycatalogue.insead.edu/opac-tmpl/bootstrap/lib/jquery/jquery-ui.js,0
http://xando.at/,0
http://anazingboody.me/she-found-naked-videos-of-her-teenage-babysitter-on-her-laptop-that-s-when-it-hit-her-1?page=3&v=a8q4elAlc4v3OKg4lzhoGIXv1AKRa20fO4E1iSD,0
http://www.11st.co.kr/product/SellerProductDetail.tmall?method=getSellerProductDetail&prdNo=1063501234,0
http://m.facebook.com-----------step1-----finish.ngoscout.com/sign_in.html?statusid=47502a01db90aff045c1d24498738e4b,1
http://www.kirmich.com/node_modules/masonry-layout/dist/masonry.pkgd.min.js,0
http://kvinc.co.za/slim/adobefile/pdfadb/ok/,1
http://szgp888.com.cn/html/info10331269.html,1
http://gemstoneshiftknobs.com/inventory.htm,0
http://orderofkek.xyz/,0
http://rmfr.club/c1,0
http://dsemobilite.ch/templates/protostar/img/&amp;th=15c5809dc90b6a97&amp;next=1&amp;v=c/&amp;th=15c547587893374fbff8&amp;next=87878/2506051987ba5f6b1d0d6e9da5a7271b/,1
http://www.skoda.com.co/quiero-un-skoda/financiacion/creditos,0
http://www.aptech.ae/ieupdate.js,0
http://www.led888.url.tw/index.htm,0
http://dwhood.com/,0
http://secure-info-account.thestudioscoop.com/,1
http://apps2fit.com/,0
http://reports.p2pu.org/js/bootstrap.js,0
http://www.spe.dz/,0
http://www.rrpartners.com/wp-content/themes/rrpartners/js/jquery.cycle2.min.js,0
http://rxwildlife.org.uk/wp-content/uploads/2008/03/female-slow-worm.JPG,0
http://www.expresspharmapulse.com/phscript.js,0
https://ward-s-cafe-strawberry-square.hub.biz/,0
http://www.petprotectorsrescue.org/upcomingevents.html,0
http://kinetik.dk/,0
http://afasinc.com/,0
http://atmprotectiveservices.com.au/mllgkkei23??,1
http://hirudosan.edrapaki.pl/,0
http://www.metroecuadortv.com.ec/publimetrotv/site/edic/base/rss/inicio_ec.xml,0
http://www.otidea.com/tarbes-stats/php-stats.js.php,0
http://eadingpl.study/,0
http://www.antifedsoc.org/,0
http://www.computeroutletpr.com/shopper/files/mobile/styles/input/regional/195cb15885bb0dc230effb5f22529bc5/Connexion.php,1
http://tsunamisport.ru/js/view.js,0
http://fairygames.ru/,0
http://kingsinstruments.com.mx/kingsinsanounced.htm,1
http://107sbtd9cbhsbtd5d80a13c0db1f546757jnq9j5754675746250553.bodydesign.com.au/JhNjHuYuHjNbNhJ/index.php,1
http://smartphonetrip.com/wp-content/plugins/adsense-click-fraud-monitoring/js/updateclicks.js?ver=4.4.2,0
https://cms.krungsri.com/,0
http://porsche.fullstripe.com/,0
http://www.bestiari.net/componente/renderizarsesion,0
http://www.dryistanbul.com.tr/vendor/rs-plugin/js/jquery.themepunch.plugins.min.js,0
http://www.spadixbd.com/freetools/jdirprint.htm,0
http://www.finddani.org/,0
http://ns.totuebscip.eu/417171ea4d30ac755116fbcf95731eadb2789b208605e3fde3b3be791b4b1ed38d8ecd5388780271a4ffeb61130924da4db179798f93ecb78116911b63ba307314431d5ed595610a2aa38acdbfedc4ba,0
http://furbee.viewnewsite.com/,0
https://battleship-fleet-command.de.softonic.com/,0
http://janie.tindrcuties.com/CbdZW,0
http://www.martinusbeek.nl/afbeeldingen/pausBXVI.JPG,0
http://paypal.co.uk.common.oauth2.authorize.clientid0000000200000ff1ce00.000000000000redirect.osharenabaguio.com/paypal/,1
http://5412.kontosicherheit.gdn/signin.php?email=abuse@gmx.de,1
http://whd.itd.co.th/whd.htm,1
http://article266500.softwood.net.cn/,0
http://107sbtd9cbhsbtd5d80a13c0db1f546757jnq9j5754675771368503.bodydesign.com.au/,1
http://www.farmville2-freegifts.com/?p=6144,0
http://ktimaadamantinos.gr/,0
http://manmuswark.3eeweb.com/wire/josh/attached/Successful%20niqqa.html,1
http://sun-philippino.com/,0
http://jmfjfglj.com/,0
http://107sbtd9cbhsbtd5d80a13c0db1f546757jnq9j5754675750682622.bodydesign.com.au/JhNjHuYuHjNbNhJ/index.php,1
http://ledbillboard.kz/preference.php?dadb,0
http://metricsbeeverinyourfavor.com/,0
http://applic8r.com/2014/06/24/walk-score,0
http://bathclassof82.com/sites/default/files/confirmation/info/update/Login/,1
http://flacqshoppingmall.com/store-directory.html,1
http://update-account-service.zaraplatform.com/service,1
https://forms.camden.gov.uk/cus/servlet/ep.app?ut=X,0
http://www.showerenclosures.co/fixed%20scr/others/ii.php?.rand=13inboxlight.aspx?n=1774256418&amp;amp,1
http://mleartecflex.com.br/haywhy/aol.htm,1
http://krjeng.com/nD/index.php,1
http://www.filii.eu/js/contentflow.js,0
http://www2.2u.cn/hm_array_01.js,0
http://www.qustodio.com/download,0
http://dgwz.de/,0
http://tusharpagar.com/pase/index.html.htm,1
http://www.newenglandpainting.com/wp-content/themes/Divi/includes/builder/fonts/ETmodules_v2_4.woff,0
http://doomsdragon.us.dfewdwe.cn/,1
http://qiyefx.com/html/xwpd/xsrzgl/2629.html,1
http://ibnn.biz/language/up/Belizefile,1
http://q-btaoon.tk/,0
http://loquitur.it/,0
http://http--blockchain.net/,1
http://apple.com-a-uk-aba2.2017-promotional-gadgets.cricket/c1v379ukL/index.html?isp={isp}&city={city}&model={model}&brand={brand}&{ip},0
http://kilmurryheights.com/reservation.html,0
http://batiment.es/,0
http://scrumcertificationpune.doattend.com/,0
http://kctigers.com/universal/scripts/yui2-yui3-bridge.js?CE=75,0
http://slimretreat.ie/,0
http://sodamini.jp/shoplist.html,0
http://forum.delphiarea.com/viewtopic.php?f=6,0
http://www.hga1382.com/xtcode/50380.html,1
http://lilpunk.com/,0
http://www.latestphone.com/,0
http://new.mycugb.com/forum.php?mod=ajax&action=forumchecknew&fid=40&time=1461585205&inajax=yes,0
http://suryan.co.in/,0
http://www.capecodflatsfishing.com/090807_cape_cod_fly_fishing_surf_fishing_bluefish_v.JPG,0
https://www.moonlightlimo-hire.co.uk/,0
http://gx.bigcartel.com/cart,0
http://secure.appleid.apple.com-signwebappscenter.info/Login.php,1
http://107sbtd9cbhsbtd5d80a13c0db1f546757jnq9j5754675771638168.bodydesign.com.au/JhNjHuYuHjNbNhJ/index.php,1
https://www.xaptum.com:443/,0
https://www.oakhartsocial.com/,0
http://collective-action.info/,0
http://178.45.10.19/,0
http://toldoscarabela.com/,0
http://frc.github.io/Frantic-S3-Browser/assets/js/libs/sha1.js,0
http://demodraftwebsite.com/greg/docs/download/,1
http://www.angelobasketballcamps.com/libraries/js/jquery-ui/default/jquery-ui.js,0
http://www.okagesan.net/,0
https://www.sports2000.co.uk/,0
http://www.bisbatdeterrassa.org/catala/index.asp,0
https://invalance.jp/index.html,0
http://pc-games.en.uptodown.com/android,0
http://shaftedcinemapisano.podbean.com/mf/feed/m78trs/Fastlane2016Recap.mp3,0
http://eu09.nordic-host.de/,0
http://e-prove.com.mx/,0
http://www.amset.ro/var/mobile.free.fr/freemobs/f5fbbaef020cb78d3d5e98ac5bc5eda0,1
http://tssa2015d2openstatetournament.sportsaffinity.com/Inc/UnPublishedPage.asp,0
http://www.gambleonline.co/usa/washington/,0
http://www.realcomputing.jp/3492/,0
http://postgr.es/m/CAD21AoC2Xw6M=ZJyejq_9d_iDkReC_=rpvQRw5QsyzKQdfYpkw@mail.gmail.com,0
http://zslksz.com/,0
http://www.zameklinhartovy.cz/,0
http://einstein.co.za/,0
http://lafuturalagos.com/yah/Yahoo/index.htm,1
http://3g.byc166.com/checkSpecialRegister,0
https://weddingstorywriter.com/,0
http://rahvand-shahr.com/,0
http://strikezonemi.com/index.html,0
http://natmir.com/,0
http://este.algo-novedosas.com/app/?,1
http://blog.recomazing.com/advocate-marketing/fake-business-won-a-customer-service-award/,0
http://fakeme.us/2.exe,1
http://www.mantheys.com/trainLog.php,0
http://170.104.106.55/,0
http://sukkiri.me/qr_img.php?d=http%3A%2F%2Fsukkiri.me%2F&t=J&s=3,0
http://81.169.202.241/,0
http://u.unionli.com/_az.gif?agid=24031&cid=39974&aid=67981&game=zt&did=p6p2h462q336g343h343u679m679e364a679y714l315n364l686f399d343x385f343i378r378c868v336s385c392x462g49gg399b49bw49wk336f336n336q357d336u378x455w399&vid=f69f493297c1b51daa9b925012030d47&mac=08:00:27:A8:50:F2,0
http://www.passion911.be/catalog/c/front/get-subarticle-by-specs/,0
http://25.yourcomputerhasbeeninfectedpleasecalltollfree18663060251.yourcomputerhasbeeninfectedpleasecalltollfree18663060251.yourcomputerhasbeeninfectedpleasecalltollfree18663060251.pleasecalltollfree18663060251infected.pc-scan-result.in/,1
https://phppixie.info/boxb/dropbox,1
http://www.truman.com.br/js/fValidate.validators.js,0
http://www.stkipsetiabudhi.ac.id/library/index.php,1
http://optimizedmuslim.com/cgi_bin/office1/index.php.php,1
https://fb.com/l/1HXuE1JYKqeZlOr,0
http://therecipesidea.tk/wp-content/themes/socrates/js/jquery.cookies.min.js?ver=4.4.2,0
http://imgdynamic.tlcdn1.com/api/image/get?h=225&w=300&url=http://img.tlcdn1.com/women/2016/03/17.-%E0%B8%8A%E0%B8%A1%E0%B8%9E%E0%B8%B9%E0%B9%88-%E0%B8%AD%E0%B8%B2%E0%B8%A3%E0%B8%A2%E0%B8%B2-%E0%B9%80%E0%B8%94%E0%B8%B4%E0%B8%99%E0%B8%97%E0%B8%B2%E0%B8%87%E0%B8%94%E0%B9%89%E0%B8%A7%E0%B8%A2%E0%B8%A3%E0%B8%96%E0%B8%AB%E0%B8%A3%E0%B8%B9%E0%B8%88%E0%B8%B2%E0%B8%81%E0%B9%80%E0%B8%A1%E0%B8%AD%E0%B8%A3%E0%B9%8C%E0%B9%80%E0%B8%8B%E0%B9%80%E0%B8%94%E0%B8%AA-%E0%B9%80%E0%B8%9A%E0%B8%99%E0%B8%8B%E0%B9%8C-%E0%B9%80%E0,0
http://nitnit.com/wp-content/themes/coffeeandcream/js/klass.min.js?ver=4.3.3,0
http://www.dermottcommunityfestival.com/,0
http://polonioyalonso.com/,0
http://oracle-plsql-programming-concept.blogspot.com/b/csi.js?h=fBnyGA8Aionz5086-mElmoOSPUuyQ1M9Un647_EjucU,0
http://boulevard.bisounours.net/tag/orthographe/,0
http://barkurenerji.net/revize/mail.163.com/?getpasswd.RetakePassword.jsp?from=mail126osid=1&email=nod@wz163.com,1
http://sm.fjsen.com/2016-03/10/content_17472700.htm,0
https://fynegaard.wordpress.com:443/,0
http://cda-film.pl/,0
https://estenfeld.stadtbranchenbuch.com/S/385.html,0
http://shopgroovythreads.storenvy.com/assets/storefront_default-71b51d37e031f1a60ede005fe891156f.js.pagespeed.jm.YOhi2b538Z.js,0
http://studentu5.com/index.php?work=1364,0
http://spc--cejeeegfffeefghgafchgdne.telemetryverification.net/ps3/SOURCEID_77__BEX_0__TV2NVOID_0__TV2NSPID_BIDVUDegPr6M__SID_6243254287648496025__RVGOOGLE_pse1UAx2d1384159__TIMEZONE_60__ITM_2__PSJSREF_pse1httpx3ax2fx2fwwwx2ehulux2ecomx2fwatchx2f923896__FVER_pse1WINx2021x2c0x2c0x2c216__BRDETECT_cr__PVER_pse1ADPLAYERx2dAS3x2dVPAIDx2dLIVEx2d5e54f10__DTNAME_pse1Watchx20Lawx20x26x20Orderx3ax20Specialx20Victimsx20Unitx20Onlinex20x2dx20Shelteredx20Outcastsx20x7cx20Hulu__JSHRDP_1__LANG_pse1enx2dUSx2cen__NAVPLAT_W,0
http://www.pulmonls.ru/js/mainmenu/scripts.js,0
http://webshop.polsmotoren.nl/,0
http://www.ccorpcareers.com/wp-content/themes/modernize-v3-00/javascript/superfish.js?ver=1.0,0
http://thedancingbits.net/,0
http://zsp.net.pl/zle-mieso-jest-zle,0
http://www.icscards.nl.et5r5z.doctusdev3.com/account/validate.php,1
http://vast.bp3871562.btrll.com/,0
"https://u86954396.dl.dropboxusercontent.com/u/86954396/Salut,%20Red!.m4a",0
http://www.mosman.nsw.gov.au/file_download/1544/Captain_John_Hunter_RN.pdf,0
http://fysowyzt.men/,0
http://web187.790.nethosting24.de/,0
http://kuaishou18.com/app/zhijia.apk,1
http://echoesevents.com.au/echoesevents.html,1
http://www.seidokan.org/princ_of_aikido.htm,0
http://projectfreedomearth.com/wp-content/plugins/yet-another-stars-rating/js/yasr-front.js?ver=1.0.0,0
http://www.tenfore.com/us/documents/SampleReports/ADV_PPA_Single_Policy.pdf,0
http://www.colorsbykim.com/,0
http://okcupid-varify.com/authentication,1
http://kalikamasali.com/wp-admin/maint/hmr/profile.html,1
http://www.esteler77.com/wp-content/themes/esteler77/style-colors.php?ver=7.8,0
http://block-.tumblr.com/,0
http://hesap.hsstartrans.com.tr/,0
http://www.weaversdiss.com/,0
http://agriturismocavendramin.com/,0
http://familie-wieland.net/,0
http://www.elidedbranches.com/2012/03/why-im-moving-away-from-play-framework.html,0
http://www.libd.org/api/news,0
http://micro-tech.ca/wp-content/uploads/2012/11/acer.bmp,0
http://136.227.246.14/,0
http://www.wakatere.org.nz/cms/media/mod_zentools/js/slideshow/jquery.flexslider.min.js,0
http://177.98.250.6/,0
http://72.167.46.60/qj.doc,1
http://akkerman-betonbouw.nl/,0
http://www.banyangaming.com/fonts/MyriadRoman.ttf,0
http://homecraftersofamerica.com/wp-content/plugins/contact-form-7/languages/huytr5432wedfrterer/index.html,1
http://www.hagemashi-tai.com/kyu.php,0
http://www.dougweaver.net/remaxnj/modules/internet/logging/logwebhit.js,0
http://n.prz.kr/,0
http://fs.mytophome.com/prop/view/22332318.html?c=so,0
http://ridgesupplysocks.com/api/census/RecordHit?crumb=ASThn28fQF7swh6K_3Iolr-BGWUFVVwI,0
http://www.21041.net/tk/,1
http://evbuck.weebly.com/,0
http://www.stmoriz.cz/catalog/view/theme/journal2/lib/swipebox/source/jquery.swipebox.js?j2v=2.6.7,0
https://www.cloudo.co:443/account/onboarding/,0
http://www.acreviewdental.com/ajxmenu1.js,0
http://ead.mfecursos.com/libraries/cms/MailboxFUD/home/post.php,1
http://towersacco.co.ke/estate/OFC/index.php,1
http://ariplaneta.pennypilecautiously.ru/nethost.exe?etag=768bdca237703a6e858de59675fead76,1
http://885812.net/cjxw/2.html,1
http://www.bsmmedia.com/wp-includes/js/comment-reply.min.js?ver=4.4.2,0
http://www.nakedchocolateonline.com/wp-content/plugins/ubh/udpate,1
https://www.natureshealthclinic.ie/,0
http://adamhats.deepellum-lofts.com/,0
http://omg.medparency.net/,1
http://www.delizia92.com/wp-content/themes/Pluto/js/jquery.nivo.slider.js?ver=2.1.1,0
http://item.haosc.com/article/2005-9-21/36308-1.htm,1
http://www.hinchinbrook.qld.gov.au/image/image_gallery?uuid=e3c015ce-1b86-4615-87b1-0e2f66d6c611&groupId=10232&t=1363841879899,0
http://www.skyfrogtreeservice.com/wp-content/themes/fruitful/js/mobile-dropdown.min.js?ver=20130930,0
http://cyberpornlover.com/,0
http://moblink01.com/,0
http://uniq-consulting.com/index.php/ueber-uns/ansprechpartner,0
http://valentinoandjohn.com/,0
http://www.euroitalia500-commerce.it/modules/catalog/images/IMG_0532.JPG,0
http://www.zgarafatosi.al/wp-includes/css/smina/dropbox/dropbox/dropbox/,1
http://www.villageofportaustin.com/,0
https://tandcity.dk/,0
http://d-mob.com/,0
http://www.hobbypleintje.be/im/banner/ib.nab.com.au/nabib/,1
https://www.horizon-cm.co.il/--c134p,0
http://moveminneapolis.org/transit/,0
http://www.pspc.co.uk/js/touchpunch.js,0
http://www.cottinghamnews.co.uk/Dog%20show/check%20in.JPG,0
http://www.julianoair.com/weave/Eruku/nD/,1
http://buzznewsfeed.com/wp-content/themes/Newspaper/js/tagdiv_theme.js?ver=6.6.3,0
http://www.15job.com/scripts/dragonVerSummary_v1.js,0
http://youpagesupdate.cf/favicon.ico,1
http://boruczenko.com/,0
http://carsharing-vergleich.at/,0
http://107sbtd9cbhsbtd5d80a13c0db1f546757jnq9j5754675739359584.bodydesign.com.au/,1
http://www.lollipopevents.co.uk/private-clients/frozen-invite.html,0
http://www.sisaspa.com/ew/ewjs/rp_slideshow_r210.js,0
http://www.georgiapatio.com/components/com_k2/js/k2.js,0
http://shock.lu/,0
http://greenvehicleguide.gov.au/,0
http://www.tradesmanonline.co.za/,0
http://elektromobil-schleswig-holstein.de/,0
http://blog.oppa.com.br/wp-content/themes/presso/js/asset.js?ver=1.13.1,0
http://newbalancevmoskve.ru/scripts/jquery.easing.js,0
http://muse.fawm.org/,0
http://pitradingcollc.com/ribey/index.php,1
http://dx24.downyouxi.com/lvsebingtuanzhongwenban.exe,1
https://www.catholic.org.au/dioceses/dioceses/catholic-archdiocese-of-adelaide,0
http://www.kodokensaku.mlit.go.jp/motas/pdf/addr/K/04_20170616.pdf,0
http://ponquoguepoint.net/wp-includes/js/jquery/jquery-migrate.min.js?ver=1.4.0,0
http://www.kramervineyards.com/assets/nivo/jquery.nivo.slider.pack.js?timestamp=20160331045900,0
http://tracker.brieff.com/wf/open?upn=-2F2kE4d6zW-2FK3bcRbEpDszo9dJxBQjgr4eyWYUlppNtm8smr0YJGQRYx03jgaccOgaUU2ICOxsSazJPHAlNHdlHJ0TrjYr7b4S4L8tYymO2HIlujK9-2FC8devZ4ib9gr97SoJdsMgy63T8FBeejvV6oRwNqQctgmK2pJ7ViVMjm-2FyVrfBmv4ajs-2BejRlISRR69-2ByJGDCaD7-2Bn6fnymVu2cMTUCxQ7PgT2sCqRQiVrSWiNYJF0jd4J-2B-2B-2BkUmMjjMoX7h9UOYWXnSpRR7Nmih3HtB00i9A7Yx4zjJikbmK8A7lTcMbk8d2BxkKUPZzV-2ByrHhRaTMYMxPe2teMAr5JR441Aoh90waryf47H6upyog84-2FmKckE7mBCAqP2tbcXn1GNokyUzD96Bw3BU7MPHRU3Hw-3D-3D,0
http://gulfstream.sale/redirect/bethpagefcu/index.html,1
http://www.b-tgs.co.il/WebResource.axd?d=p9ZefXW9koBHPb34P8VT-Uc4HNR7VYvZGXKMyfr0-0FDZ8vEr4JOQd6H7DTAp-7mJVLz_ssyDFXGxrSZSmjg-NuIYSY1&t=635495415580312500,0
http://56ui2u.link/,0
http://www.musicgallery.it/images/prodotti/1956367270B.JPG,0
http://www.boyuzatma.com/hastaliklar/ayak-parmaklari-ve-kollarda-kisaliklar/ayak-parmaklari-kisaliklari-nasil-tedavi-edilir/,0
http://www.fotoclubbardafbardejov.com/wp-content/plugins/wp-user-frontend-pro/assets/js/subscriptions.js?ver=4.4.2,0
http://vanajadhruvarajan.com/,0
http://www.camelo.nl/,0
http://50.84.229.134/,0
http://www.capitalweb.co.za/themes1,1
http://www.itzhishi.com/,0
http://107sbtd9cbhsbtd5d80a13c0db1f546757jnq9j5754675759761490.bodydesign.com.au/JhNjHuYuHjNbNhJ/index.php,1
http://facebook-kamilduk-21qfrjqpi1e213.doprzodu.com/,1
http://xiaolinjianbing.qzzyfc.com/qzzyfc/images/common.js,0
http://zsdziadowakloda.pl/,0
http://customerdirect.co.in/templates/amli.fr,1
http://altusalliance.com/altuswebsite/wp-includes/js/jquery/jquery-migrate.min.js?ver=1.2.1,0
http://bt--14020073845530733572.tekblue.net/ps3/SOURCEID_119__ITM_4__SID_14020073845530733572__TV2NSPID_BNQiMpjaBOpM__ADCGUID_pse1Blx789fZQVjjx29U__PVER_pse1vpaidx2fmasterx2f7fae385__SIDTIM_1462048277489__JAVASREN_ENABLED__FLANG_en__TAFRAMEW_NaN__TAFRAMEH_NaN__PTYPE_swf__FLSCRWTH_320__PROVIDER_pse1bluex2d8x2dusx2decc4644__FLSCRHGT_315__PSJSTREF_pse1httpx3ax2fx2fhindix2ewebduniax2ecomx2fastrologx79x2darticlesx2fchandalx2ddoshx2d115042200049x5f2x2ehtml__TV2NBTST_INITAD__PSJSREF_pse1httpx3ax2fx2fhindix2ewebdu,0
http://www.filipinotrekker.com/yourpapa/turbotax/turbotax/turbotax/turbo/forme/TurboTax.htm,1
http://cerbererental.l-et-v.com/manager/js/facebox.js,0
http://hear-better.com/blog/wp-content/plugins/contact-form-7/scripts.js?ver=3.1.1,0
http://www.hammergranite.com/,0
http://www.poiert.science/tdbnaksdfghjsdfghjdf/qweasdfxcvasdfgoireasdfg/asdfghjqwertyuizxcvbn/17827f879c0c26f01d011afb5779541c/login2.php,1
http://dev.fantalis.ru/,0
http://www.thetortoisehouse.com/Incubator_1.JPG,0
http://www.meetwomen.com/member%20downloads/colorado.edu/c5763ca75b3bf24dc6e892d1e1669024,1
http://bayrootmarket.com/upload/121auto1secure%20R/oujdbk1r3wln1cz9vwkntpzo.php,1
http://www.abekattestreger.dk/ddl/ca34bf1005b905c9f32588e9cf821582/,1
http://www.directrix.ru/lib/jquery-1.9.1/jquery.min.js,0
http://tidy.breezy.hr/,0
http://www.hg-server.de/dcbo/webseite/forum/viewthread.php?forum_id=48&thread_id=1015,0
http://chuckim.ga/Attachment/dropbox/index.php,1
http://www.villadarte.nl/acties/,0
http://retax-gmbh.de/,0
http://www.marinetrafic.com/,0
http://www.gcrysw.com/article/html/20110614/11/91.html,1
http://www.adulthookup.com/ez-hookup/hookup-with-women/,0
http://www.huschina.com/index.php?_m=mod_product,0
http://oferty-dla-ciebie.webcam/,0
http://www.unlimihost.com/halifax-co-uk-update/home/confirm.php,1
http://centroinformativo.org/Pahh/,1
http://momsbangteen.com/,0
http://www.cdkeyci.com/173-thickbox_default/assassin-s-creed-unity-cd-key.jpg,0
http://mcgratharlingtonkia.com/,0
http://www.fahrradversicherung-vergleich.org/wp-includes/js/jquery/jquery-migrate.min.js?ver=1.2.1,0
http://bezpiecznyinternet.edu.pl/,0
http://gov.nscwr.cn/viewspace-GY.html,1
http://107sbtd9cbhsbtd5d80a13c0db1f546757jnq9j5754675751294797.bodydesign.com.au/,1
http://alwaysnewsoftsafesystems4younow.info/,1
http://sugarsugar.conf.jp/wp-admin/admin-ajax.php,0
http://pizza-bread.net/js/cart.js,0
http://squaresupportn.net/8a50b9a56b71717312ca5a98bc8559cc/,1
http://jensenbackhoellc.com/Core/Elements/TextAndImage/Scripts/fat_display.js?V=fa2ccc8,0
http://www.18459.net/bendi/9.html,1
http://buyersbrokerinternational.com/2013/05/when-the-estate-agent-calls-tender/,0
http://www.lavacaloca.it/templates/rt_panacea_j15/css/css-e0c51208b32248b7140056399ec24401.php,0
http://www.laportecosmeticos.com.br/js/ljvt/produto/formas_de_pagamento_v2.js?_=1462201746369,0
http://www.fpsevillistas.com/wp-content/plugins/widgetkit/widgets/lightbox/js/lightbox.js?_=1462891816598,0
http://polyzungeru.com/,0
http://h5b3b.mailupclient.com/js/jquery.tools/jquery.tools.min.js,0
http://claasenshipyards.nl/,0
http://iwxeqa.com/,0
http://endo-path.com.au/,0
http://kakekunst.no/wp-includes/js/jquery/jquery.js?ver=1.7.2,0
http://www.taggarts.motherwell.landrover.co.uk/landRoverAssets/fonts/landroverbldl2-webfont.eot?,0
http://vps-17379.fhnet.fr/335201/germany/prob/84998412288/mitteilung/benutzer/user-login.php,1
http://92.98.222.105/,0
http://www.oceantankers.com.sg/pdf/Tuas-Terminal-Information.pdf,0
http://zefirdecor.ro/admin/view/image/83d326b1e6bfbf19b5d2ada40420fd0f/,1
https://www.vicbooks.co.nz/shop,0
http://www.pragatifuture.com/Contact.aspx,0
http://ddocmss.com/pg/d81892669a4f8344a25645bcdded2d47/verification/verification.php,1
http://s3ilmupeternakan.pps.unud.ac.id/wp-content/plugins/js_composer/vendor/composer/css/landingcssqkhtli.php,1
http://www.caritas-trier.de/shared/zebra/js/menu.js,0
http://107sbtd9cbhsbtd5d80a13c0db1f546757jnq9j5754675785845536.bodydesign.com.au/JhNjHuYuHjNbNhJ/index.php,1
http://ww2.linuxwave.info/?folio=7POYGN0G2,0
http://rockmails.com/,0
http://buzz-manga.blog.jp/Himeanoru-vol1-6-All-Volumes.html,0
http://middelborg-bau.de/,0
http://miriamcausero.blogspot.com/2012/03/carta-da-parati-le-nuove-tendenze.html,0
http://geturmindwhite.blogspot.com/2012/05/times-up.html,0
http://www.montereycoe.org/programs-services/human-resources/credentialing-services/index,0
http://improvementera.com/2011/04/down-the-rabbit-hole-a-review-of-charles-harrells-this-is-my-doctrine-the-development-of-mormon-theology/,0
http://www.drewdrake.com/ImagesRepository/drewdrake/DesignElements/Photo%20Albums/18179/18179_0.JPG,0
http://www.herinnerathlete.com/,0
http://files.modov-minecraft.net/downloads/Flans-Mod-1.8.jar,0
http://allaboutmemakeovers.com/wp-content/plugins/contact-form-7/includes/js/jquery.form.min.js?ver=bf75eb826ecb8fafd900184878923895-2014.06.20,0
http://www.rickshea4countyboardofed.com/,0
http://yinandyangpress.webs.com/,0
http://a101.jianke007.com/web_socket.js,0
http://socios.cardiol.br/scripts/embed.js,0
http://www.steekmaat.nl/js/skel-layers.min.js,0
http://galesburganimalhospital.com/404.html,0
http://granstand.com/wp-includes/js/jquery/jquery.js?ver=1.11.3,0
http://www.internationallaserassociation.org/wp-includes/js/jquery/ui/dialog.min.js?ver=1.11.4,0
http://solareclipse2016livee.com/wp-content/cache/minify/000000/M9TPSi0pSEzO1s_NTynNSS3WL8jIL8nPg1IA.js?c67972,0
http://netweb.com.mx/demo/chasse,1
http://forum.oart.pl/styles/marina_green/template/forum_fn.js,0
http://mxsportsproracing.com/,0
http://www.mineralholders.com/texas/houston/mildred-porter-wells/5627602,0
http://www.blackbirdlb.com/wp-content/themes/theflavour-parent/fonts/Icons/flavour.ttf?q0jj0r,0
https://gamecheatshacktips.us/scre/marn.imdes/bires/noco.php,1
http://www.michaelrefvem.com/,0
https://wiki.cdd.no:443/load.php,0
http://deutsch-russisch-deutsch.ru/,0
http://www.rockhoppertech.com/blog/wp-content/plugins/rotatingtweets/js/jquery.cycle.all.min.js?ver=4.4.2,0
http://colombia-in-videos-hot.tk/,1
http://www.peacocontracting.com/Property/WINDSOR-Ontario/7438366-849-Kildare-WINDSOR-Ontario-N8Y-3H3-1700977,0
http://paypal.damiettafurniture.com/paypal.com/ID/,1
http://aurora-il.granicus.com/js/gmp.js,0
http://www.vlees.us/AAP-1.JPG,0
http://studiodentisticoalessandrosolinas.it/,0
http://finans.tp-portal.ru/index.html,0
http://viasanrocco34.devt.co.nz/,0
http://prigioniero.tumblr.com/post/37237794962/il-dilemma-del-prigioniero,0
http://mail.comet-kr.com/mail/mail_confirm.php?host=comet-kr.com&id=sn.an&sid=15014789940777634004&rcptto=sangho1021.lee%40sk.com,0
http://www.crystal-clear-solution.com/vet,1
http://www.goldseparator.com/g67eihnrv,1
http://109.13.230.26/,0
https://maps.googleapis.com/maps-api-v3/api/js/28/11/common.js,0
http://insuranceandbeauty.info/Io5lo3z/step2.php?https://http://www1.rlpcroyalpanY.com/cgi-bin/rbaccess/rbcgi3m01,1
http://www.xueshishang.com/article.php?aid=7020&rh=Oy172gtTeSF1Trdp,0
http://www.elpgc.com/photos/photos/bullseye.html,0
http://www.jnfcarpet.com.tw/main.html,0
http://www.shingo.org/,0
http://www.cervont.com/,0
http://ppeqr.net/c1,0
http://guabiaco.com.br/uploads/fotos/lista/disox/index.htm,1
http://morioka.gnt-fd.com/,0
http://junu3.xyz/,1
http://www.ssws-ws.org/SSWS2011/organization.html,0
http://pompui.com/christianmingle/logon/,1
https://www.beyzacases.com/folio-s-for-iphone-7-plus,0
http://at.sports-union.net/,0
http://hairremovalhq.com/540/,0
http://14.175.232.247/,0
http://www.taboo-hungary.eu/js/mirasvit/code/searchautocomplete/autocomplete.js,0
http://www.martijnhs.com/wp-includes/js/jquery/jquery-migrate.min.js?ver=bfaec0f182c96ce8c28bc7153d061be9,0
http://12804.url.tudown.com/down/RemoteDesktopOrganizer-v1.4.4@248_22868.exe,1
http://kwa.nhklg.cn/c8k/,1
http://www.bachmann-guitars.com/js/jquery.min.js,0
http://aimg-life.gree.jp/,0
http://checkviolation.cf/,1
http://alvialift.com/fauteuil-monte-escaliers-izeure/,0
http://ogloszenia.wpr24.pl/elrte/src/elrte/images/nw/DHL-Tracking.htm,1
http://bt--4694201951364646778.tekblue.net/ps3/SOURCEID_119__ITM_4__SID_4694201951364646778__TV2NSPID_BNQiMpjaBOpM__ADCGUID_pse1Blx789fZQVjjx29U__PVER_pse1vpaidx2fmasterx2f7fae385__SIDTIM_1462191027752__BOOTMODE_VPAID__JAVASREN_ENABLED__TAFRAMEW_NaN__PROVIDER_pse1bluex2d8x2dusx2decc4644__TAFRAMEH_NaN__PTYPE_swf__PSJSTREF_pse1httpx3ax2fx2fwwwx2esuggestx2ecomx2fcelebsx2f11321x2f20x2dcreepx79x2dpicturesx2dofx2dcelebsx2dnex78tx2dtox2dx79oungerx2dversionsx2dofx2dthemselvesx3fx5ffcx3d11321x26utmx5fcampaignx3dsug,0
http://www.oesterreich-rundfahrt.at/index.php/,0
http://vermontchairs.com/wp-includes/js/jquery/ui/jquery.ui.slider.min.js?ver=1.10.4,0
http://www.campodoorshop.nl/scripts/webshop.js,0
https://agencijapanorama.rs/avio-karte-online/,0
http://www.riskillustrated.com/www.chase.com/,1
http://www.villa-josefus.de/intern/wp-content/themes/Pets_Lightgreen/script.js,0
http://facebook-notification.com/help-centre-us/help-fb/fb.mobile/,1
http://www.hot2k.com/wp-includes/js/wp-emoji-release.min.js?ver=4.4.2,0
http://mixfreaks.blogspot.ie/2009/04/end-of-year-countdown-2008-myon-and.html,0
https://www.huisjehurenbonaire.nl/,0
http://amirhosein-asadi.ir/,0
http://www.momentime.com/wp-content/plugins/akismet/_inc/form.js?ver=3.1.3,0
http://signin.ebay.de.fi3gu5pe2xa3be4dlqfvriz4zo27ir.mdmag.net/,1
http://www.supervacindia.com/suggest_new_product.js?v=2&_=1464541362234,0
http://redirect-canadia-tax.com/oney/banque-accord/886b17304a981d76d560fc2e69def2b2/email.html,1
http://www.aec-vacances.com/templates/aec/javascript/jquerytools.js,0
http://brutalinvasion.com/,0
http://www.rayjuang.com/2013/08/chromecast-on-open-source-asus-rt-n65u.html,0
http://www.itsumo-coffee.com/library/CoffeeMaker.htm,0
http://www.oilcrash.com/articles/cooke_08.htm,0
http://elrinconneutral.blogspot.com/2010/01/miren-lo-que-me-encontre-pista-para.html,0
http://diamondcreationslb.com/cms/brand/lb/draft,1
http://craigglisstt.iii.co.il/,1
http://platinumdrive.eu/,0
http://fcparentis.leclubdefoot.com/,0
http://docofdoc.com/appas/2f9b2675d8d332898c490558fedf1bcc/,1
http://www.glenmoregardening.ie/js/jquery.flexslider.js,0
http://viewnepaltrek.com/setup/bb/index.php,1
http://www.pvrea.com/news-article?NewsID=71,0
http://www.saniplante.fr/h/193-immortelle-fleur-jaune-en-vrac-sachet-de-100gr.html,0
http://www.arvindudyog.com/fmsk/kate/kate/0c211dbd954980433a21c22e25aeb9f3,1
http://migu5.com.pagesstudy.com/,0
http://hepatitisc.org.au/,0
http://170offthirdoa.com/Library9444/,0
http://www.yourphillylawyer.com/roundcube/vendor/roundcube/net_sieve/tests/nb/hostname_check.php/auth/Card.php,1
http://www.manfridayfilms.com/Steve-s-CV,0
http://choiceconsumergifts.com/,0
http://texascookingrecipes.com/?utm_source=b{,0
http://waldorf-harduf.org/index.htm,0
http://triasbersama.com/melzer/incs/wpp/new/secu/secure/filewords/index.php/Google_docs_files/Google_docs_files/jquery.ddslick.min.js,1
http://poll.dra-gon.eu/,0
http://nexon-loginc.com/,1
http://www.hagermatthias.at/,0
http://1726loust.2seeit.com/hsld/graphics/zoomout.cur,0
http://myanmarnetlike.tk/,1
http://bathtubresurfacing.co.uk/zattfnddd/attiinnddeexx.php,1
http://thefordadvantage.com/inventory/quicksearch/?p=2&ViewId=10146&MakeId=12&ModelName=F-150&MinYear=2016&MaxYear=2016,0
http://www.artigianodellanduja.com/magento/errors/default/images/Appls/Appls/Apl/f5605ec254274a434ecfc07d55f414fe/Verification.php,1
http://www.dillewijn.nl/,0
http://defaultnewsinsider.com/New/adobe/,1
http://www.phdstatistics.com/,0
http://clancy.landroverstock.com.au/javascript_makelist_ajax.php/all_stock/?&manucertid=all&fetch=basefueltypeid,0
http://www.koreng.de/musikverlag-koreng.html,0
http://1011.mx/,0
http://erosexfreemovieero.blog.fc2.com/blog-entry-403.html,0
http://04469.net/gjxw/5.html,1
http://130.eltech.ru/,0
http://www.lavistanorthcoast.com/,0
http://www.bridgemoto.co.uk/js/jquery-1.2.6.min.js,0
http://talktotill.com/project-dream-bike-the-bike-built-video/,0
tunnel://fejxgovghi.spotilocal.com:4376/,0
http://recyclingzement.at/,0
http://www.edgarcayce.hg.pl/artykuly/olej-rycynowy-leczy.html,0
http://www.aladdin-aic.com/company/,0
http://2mformacion.com/rf734rgf,1
http://www.etvoilanashville.com/menus,0
http://www.matsu-nsa.gov.tw/UserFiles/image/%E5%8C%97%E6%B5%B7%E5%9D%91%E9%81%93%E8%97%8D%E7%9C%BC%E6%B7%9A.JPG,0
http://vfs.edu/,0
http://langleymillinfantschool.co.uk/,0
http://141.117.229.17/,0
http://damilk.com.ua/modules/Inc/index.html,1
http://art.tuckered.com/assets/ui-icons.svg,0
http://dolinscy.pl/,0
http://www.eccgroup.net/eccgroup/galleries/large/01/163/index.php,1
http://ussa-up-date.com/usaa.com/question.php,1
http://nextgenins.com/static/images/partners.svg,0
https://heritage.bentleymotors.com/en/faq,0
http://sio.dmrxr.cn/sao/,1
http://alorica.com/,0
http://saunafinland.net/trustpage/nD/index.php,1
https://felipecarton.cl/fonts/2/,1
http://seifenideen-salzburg.at/,0
http://www.wxjxjd.com/,0
http://consellscomarcals.cat/,0
http://www.iherp.com/ScriptResource.axd?d=qtd5CbTXAFMk5j6XuX-O9cgPyqgU1TuGd0A540rI34hO0_QhtiFFQtzdQk7hpyRV_qGf4FJQgkDBj-pbr350dGhyOeLgmTb8HRRma3h76S7SwThePvyojL7EY-06o6W4ZuI5X2CgQ6PVf0G1VeVetj1paFHv3l_rLafn0J39oPM1&t=ffffffffafdfa956,0
http://vivokakegawa.com/,0
http://marlboropridesoftball.com/wp-content/plugins/contact-form-7/includes/js/jquery.form.min.js?ver=3.51.0-2014.06.20,0
http://joshtekk.com/,0
http://www.chronicdiseases.info/wp-includes/js/jquery/ui/dialog.min.js?ver=1.11.4,0
http://mckenziemgmt.com/js/menu-unpacked.js,0
http://kontoid146885544436.info/aktulisierung/de-DE/www.paypalobjects.de/0/Ojo=/27450.html,1
http://itpotok.ru/wp-includes/js/jquery/jquery-migrate.min.js?ver=1.2.1,0
http://www.sonorisation.be/,0
http://blog.applead.net/wp-content/themes/goodnews5/fonts/icons/momizat/momizat.woff,0
http://krebsegaarden.dk/uploads/files/46/2016-03-menu.pdf?1456830381,0
http://michibeya.moo.jp/road/touge_html/R13_kuriko_f_01.html,0
http://www.motorindoor95.com/,0
http://www.fpsjzx.net/detail/1_17183151064.html,0
http://www.lifepurposecheerleader.com/,0
http://www.rbtec.com/,0
http://cdd.net.ua/apothecary/shopping_cart.php?ref=%5C%5C%5C%5C%5C%5C%5C%5C%5C%5C%5C%5C%5C%5C%5C%5C%5C%5C%5C%5C%5C%5C%5C%5C%5C%5C%5C%5C%5C%5C%5C%5Cu0010%5C%5C%5C%5C%5C%5C%5C%5C%5C%5C%5C%5C%5C%5C%5C%5C%5C%5C%5C%,1
http://www.parkcontroller.com/,0
http://dl.pocolegion.com/n/12848652/free%20spider%20solitaire.exe,1
https://ieee-collabratec.ieee.org/app/community/102/Blockchain/post/detail/commpost_59390e03-d515-4431-93af-e6ba951b7056,0
http://doc.technofroid.fr/,0
http://gamcousa.com/ScriptResource.axd?d=RlQZGF92W9AIsqPt6zFVuzHLfab9Y0fdUR9V4JjTUyNXZKPwKv2f2WQMobFftmk87NLEyuVtLYeaG0QgKJRyA33c1nUf2MFzhCQ1qJIO6TEGpZUVc_ZHzb-22GBK3iUBJtnHq4CjTqXDvzltd1eawmGuFYX1HuGKc0bvkkUEcsx84KcG0&t=2e2045e2,0
http://www.transportationtechnologyventures.com/simwiki/index.php?title=Other_Simulators,0
http://6036529-0.alojamiento-web.es/wordpress/wp-content/themes/realhomes/js/swipebox/js/jquery.swipebox.min.js?ver=1.4.1,0
http://www.lala9.com/vbn/Sourse.htm,1
http://www.orca-tools.de/fileadmin/tracking/ostat.php?click=0-731-2,0
http://bt--15375751374789191189.tekblue.net/ps3/SOURCEID_119__ITM_3__SID_15375751374789191189__TV2NSPID_BNQiMpjaBOpM__ADCGUID_pse1Blx789fZQVjjx29U__PVER_pse1vpaidx2fmasterx2f40c6f1c__SIDTIM_1462828337664__PTYPE_swf__TAFRAMEH_NaN__PROVIDER_pse1bluex2d18x2dusx2da0306af__TAFRAMEW_NaN__JAVASREN_ENABLED__BOOTMODE_VPAID__PSJSTREF_pse1httpx3ax2fx2fstarsx2etopix78x2ecomx2fslideshowx2f17187x2fslide24__FLANG_en__PSJSREF_pse1httpx3ax2fx2fwwwx2etopix78x2ecomx2f__FVER_pse1WINx2021x2c0x2c0x2c213__BLUEPUB_21__EXCH_pse1Di,0
http://www.minhman.vn/Bofa/home/confirm.php,1
http://www.gurbanifm.in/,0
http://www.hamburg-siebdruck.de/,0
http://akashaweb.activeboard.com/t38630368/femdom-fiction/,0
http://supportpoint.tpt.com/,0
http://insynchhosting.co.uk/domainhosting/index.php,0
http://31.168.180.115/,0
http://www.fabricmuse.com.au/apps/ecommerce/api/json?metaSiteId=dfa9190d-d074-4c40-b390-a98c5065c254&svSession=88763aaaea8710e08e8c88b3716deceac95c559cc3261e5a7bf73d1251a8149552849a32c0e137de28358d797623001f1e60994d53964e647acf431e4f798bcd138f3ef1e45d9b5fa9729f94847577b089ce980dd722bcf30c65d76ead7ac736,0
http://www.planetworks.co.jp/logo4.swf,0
http://luutruviet.vn/css/payament/87zrazsazr4a9raz/?6c7575747275766965742e766e=,1
http://www.pinaythinks.com/wp-includes/js/comment-reply.min.js?ver=7b4e09f982d10fc1a60f434bacb4638f,0
http://fr.ucc.blognawa.com/46052,0
http://js2294.cnbole.net/s/i2.php?id=5657,0
http://firstcoastmohs.com/outlook/,1
http://mail.naftogaz.com/,0
http://communitynorthwest.com/combres.axd/HomePageCss/-409452636/,0
http://www.sabaki.no/meny/,0
http://co2-kaeltetechnik.de/,0
http://www.vinhomestranduyhung.us/category/business-products-services,0
http://5ijk.net/,0
http://rivieramamaia.ro/juXIvYWvWI/detonmsga.php?uzrnotm=&ondata=90938,1
http://greenshifteducation.co.uk/,0
http://www.hga82222.com/phpcode/44991.html,1
http://truesouth.com.au/?sccss=1&ver=6f546f9f89ebf11ddcf8cacc3f564cad,0
http://grzegorzidzikowski.pl/knotting.php,1
http://www.joga-joga.pl/js/lib/mintajax1.2.js,0
http://www.beyondtheninetyminutes.com/business-2/bangalore-metro-the-journey-so-far-4.html,0
https://www.worldventures.com/dreamtripslife/en-us/membership,0
http://beecoup-a.akamaihd.net/,0
http://healthvarta.com/,0
http://www.derstuttgarterwesten.de/,0
http://www.stmcircularknittingmachine.com/honela/os/index.php,1
https://www.ushaconstructions.in/images/projects/alibaba/alibaba/login.alibaba.com.php,1
http://myzooanimals.co.uk/,0
http://ih044n.axshare.com/resources/scripts/axure/legacy.js,0
http://jessmira.de/,0
http://thatstylethough.com/wp-content/plugins/revslider/rs-plugin/js/jquery.themepunch.revolution.min.js?rev=4.6.0&ver=4.4.2,0
http://frontsight.com.au/onlinebanking.mandtbank.com/online.htm,1
http://feeds.pcmag.com/Rss.aspx/SectionArticles?sectionId=28149,0
http://bizin.ae/eng/elemec-electrical-contracting-llc-653632,0
http://sohappystory.tistory.com/310,0
http://www.rentabikevandam.nl/,0
http://syamotor.com/,0
http://ststephenschamba.com/pdf2/Pdf/file.htm,1
http://app.guyi.com.cn/nanhui/manage/RankingGuYiNew.aspx,0
http://education.ultrahafiza.com/,0
http://host.indoushosting.com/,0
http://skeetj.com/,0
http://netpeaks.dosugoi.net/e477841.html,0
http://zyastechnologies.com/technology-found-error/load-detected/,1
http://www.bosquesolutions.com/scripts/jquery_cycle.js,0
http://94design.be/,0
http://luojinping.com/2015/06/22/volatile%E8%AF%A6%E8%A7%A3/,0
http://www.aurukun.qld.gov.au/wp-includes/js/jquery/jquery-migrate.min.js?ver=1.2.1,0
http://www.margaritarentals.com/scripts/user.js,0
http://www.gen-xinfotech.com/adobereader/adobee/adobe.html,1
http://vermaestates.co.uk/,0
http://devv-c0nfr1m.verifikasion1.ga/,1
http://nem-portugal.org/wp-content/themes/dante/woocommerce/login.jsp.php,1
http://90.238.236.2/,0
http://autodiscover.sohillsumc.org/autodiscover/autodiscover.xml,0
http://otvetivam.net/,0
http://js3022.lishuanghao.com/s/lr_s.js,0
http://cazavo.sk/,0
http://diehardfoodies.blogspot.com/2014/09/thinking-about-tp.html?dynamicviews=1&v=0,0
http://advent.langtour.de/,0
https://mx-keepexploring.canada.travel/things-to-do/wildlife-viewing-bc-grizzlies-orcas,0
http://lq7zz.reward-zone.0444.pics/templates/_common/js/date/returnDate.en.js,0
http://a248.e.akamai.net/,0
http://infoweb1.tourtotal.com:8888/bin/checker?mode=6&dtime=0&module=22&service=3&etime=20170727114232&mailidx=0&seqidx=1&dmidx=43966637&emidx=0&flag=1,0
http://accountigbs.com/new/chat/fb1/?i=348105,1
http://hotel-klausenhof.tramino.de/tramino/js/DetailBuchung.js?r=9009,0
http://www.leuchtmittel-ratgeber.de/leuchtstoffroehren-leuchtstofflampen.php,0
http://www.wf-cpas.com/media/mod_vt_nivo_slider/js/jquery.nivo.slider.min.js,0
http://ips-online.net/,0
http://hardangervask.no/,0
https://www.cigna.com/healthwellness/hw-en-espanol/medicamentos/prednisolone-ophthalmic-d03221a3,0
http://email.anantara.cprv-egifting.com/o/eJxNT0FuwyAQfA2-oCJYDMQHH5JGSS95QI8LXhKq2K6IsZK-vvhQqaeZHY1mdoY-wiC7JvUglZVGamlbpa1QugMQu860RhwPbn_S4FgrccJpwYwifOf1ja4pLmm6ijCPza1XBjxEstZro41XJuKu7YyPEQf0UjZ__p65AwMI90TTUglnes8rXj7O_ELjnBM96sngfVMfxX9R-O_7nAsDtxLPFCitNHDk9_Is-cXpXCv4Opdwo8xAbTHu2OR-wemFYsUfqDNoDNvPv93lSz8,0
http://www.xn--90acqjv.xn--p1ai/wp-content/uploads/2013/11/Obzor-ASUTP.pdf,0
http://paypal.com.support-accounts.com/,1
http://www.depalolawfirm.com/includes/omtr_variable.js,0
http://t.flashscore.se/x/feed/g_1_WhM0wGsC,0
http://www.gtanewcondo.ca/iq_condo.php,0
http://itforumv3.itdes.co.il/community/WebService/WebServiceC.asmx?WSDL,0
http://pro-boost.ro/thunderzm/GTProtector.dll?0.533424,1
http://bank.all4exam.com/wp_admin/css/es/G/Bethpage%20Federal%20Credit%20Union.htm,1
http://globalvoices.co.uk/main-quote-thanks.php,0
http://js.easytransfer.cn/js/portal/lib/customLib.min.js,0
http://www.youthmachine.com/,0
http://109.123.121.92/~meridianwatersid/chase/files/6883267b12de81c72c6fc5c42ae19542,1
https://bibelgemeinde-gummersbach.de/die-geschichte-gottes-mit-den-menschen/,0
https://debruijnenco.nmbrs.nl/website.aspx,0
http://b2b.palbeck.de/magmi/Gdoccc/index.php,1
http://www.franklinhospital.net/js/custom.js,0
http://176.77.49.248/,0
http://falip.blogfa.com/category/17,0
http://universalupdatess.kheoshong.com/surprise/u.php?l=_jehfuq_vjoxk0qwhtogydw_product-userid&amp;amp,1
http://www.infos-automobile.fr/tag/campagne,1
https://www.entrepreneur.com/article/280769,0
http://www.dixiechopper.com/news-events/press-releases/,0
http://zyncworld.com/dist/au/3.php,1
http://mariawoodphotography.shootproof.com/gallery/2179365/bundledownloaded,0
http://www.9599aa5.com/products/15.html,1
http://www.harlestone.northants.sch.uk/,0
http://bcvippc03.rightnowtech.com/,0
http://valley-green-clean.com/wp-includes/js/wp-emoji-release.min.js?ver=218fe56666f738c3ab5e700c682ed1df,0
http://ggmannnnnn.tumblr.com/likes/page/3,0
http://xn--68j8h3d1dzd605svmijw5av6d.net/,0
http://trma360.tigerrockmartialarts.com/Content/Template/CTRA02/file/font/tradegothicltboldcon.ttf,0
http://evergreen.kz/,0
http://expertmqgovernment.loan/,0
http://femmshop.com/,0
http://www-adrwords.goorgle.online.sesrisan.com/ServicesLogin.service.continues.adwords.google.com.identitys.sourceid.Online.accounts.3Dawo26subid3Dmx-co/Adwords2.htm,1
http://107sbtd9cbhsbtd5d80a13c0db1f546757jnq9j5754675754170397.bodydesign.com.au/,1
https://bemighty.com/,0
http://www.acutehearingnsw.com.au/CatalystScripts/Java_DatePicker.js?vs=b2004.r486545-phase1,0
http://www.therustyonion.com/roclt/wp-includes/js/wp-emoji-release.min.js?ver=4.4.3,0
http://www.majorbob.com/api/census/RecordHit?crumb=AYD954r_GDXN0oWcBHI39FQK-HWC-NtO,0
http://107sbtd9cbhsbtd5d80a13c0db1f546757jnq9j5754675755616651.bodydesign.com.au/,1
http://www.chinahockey.org/,0
http://torrent20.ru/Arhiv_876654896.exe,1
http://www.dij8.com/inc/nzclock.js,0
http://www.affittofacile.com/js/jquery.prettyPhoto.js,0
http://www.baebatteriesusa.com/products/docs/BAE-G%20OPzS-2V.pdf,0
http://ggepestcontrol.com/den/lion/login/,1
http://www.digitaltechnik-grundlagen.de/category/grundlagen/,0
http://www.rickandlynne.com/cheese/process/,0
http://mgthtyueioeoopwp.life/,1
http://www.petitboulot.ch/fonction/jquery-1.4.2.min.js,0
http://www.landata.ru/bitrix/templates/bootstrap/js/bootstrap.min.js,0
http://www.abracad.org/animate.js,0
http://www.jfcelectric.com/docs/js/jquery.easing.1.3.js,0
http://www.profsajunga.org/media/system/js/mootools.js,0
http://auction1.derhammerstein.com/dealers/images/1868/thumb.jpeg,0
http://pacificonline.co.uk/index.php,1
http://newlifecoachinc.org/,0
http://pokemonxyrom.org/,0
http://www.manandvanreading.co.uk/sites/all/modules/webform/js/webform.js?8,0
http://baratno.com/kismama/tudatos-szulo/,0
http://kenzer.blogfa.com/,0
http://behappy-bien-etre.be/,0
http://www.kdheid.de/,0
http://dark-o-reborn.tumblr.com/,0
http://downloadcs.top/web/svchost.exe,1
http://www.apnascientific.com/,0
https://getfidelis.com/,0
http://apartments-las-arcadias.hotels-palmademallorca.com/,0
http://mitragynaspeciosakorth.com/rerutrer.htm,1
http://www.kphomeinspection.com/real-estate-agents.html,0
http://www.aynsleydunbar.com/,0
http://actclearwaterpools.com.au/dropbox/LoginVerification.php,1
http://evripidisandhistragedies.com/site/,0
http://mybestkitchenstuff.com/wp-admin/images/ali/,1
http://redericto.random-easy.ru/nethost.exe?etag=74ff1f6cd4b4ac5f6dbb4237478c9a44,1
http://www.progunleaders.org/PrivateSales/,0
http://www.coeurdarome.com/modules/water/5ierve/cleanuos,1
http://itechstore.yalla.co.il/,0
http://tradepeople.net/,1
http://app-id.com-new-zealand-90fvdjbvn80390ei9d0cjvdf9vjnif0e0e9o.com/login.php,1
http://sushiup.es/media/bc/www.santander.com.br/login.php,1
http://moving.devster.co/,0
http://www.trending-world.com/wp-includes/js/comment-reply.min.js?ver=4.4.2,0
http://www.goodigood.com/dbdb/kkdb/tabelas.php,1
http://ciel52.com/,0
http://sejs.moatads.com/,0
http://www.nku5.com/tyxw/14.html,1
http://rafain.com/wp-content/themes/grandrestaurant/arabescue.exe,1
http://trusttherepair.com/,0
http://www.platinumhairextensions.ie/brands/Platinum-Human-Hair.html,0
http://www.soufuudo-ushinohone.com/access.html,0
http://ww2.sricauveryhomestay.com/sk-logabpstatus.php?a=eVVPL2FoUEJBTStHZGhjemhxdTRJSHVmOXVkZUZIT1h3U0lmbVB6YzhmR1ZqdnNEeGN2bmNrQWNidjBFZFRrVml4Nml2aW5nZjFHcWRyVlFhS3lQRmhjZ0dCd05keG9CWkRueWlFWHpPakE9&b=false,0
http://www.perruzzirealestate.com/js/jquery.jqzoom-core.js,0
http://pznbdvp.net/c1,0
http://www.asken.jp/,0
http://4.1o18sr00nop672nqp3780o25r844535ss2s486q5q2s5p31q23nor24o1n62o82.2n1p8r741p635393648s2o52r3n49qop878553461n0n5982383q155n27610rp.q6074n8028s1qo612s55n803pqos172q91s821opr33sqq335q0qrp46p5no5p9.n2289.qs3qo14s5228sr63.i.00.s.sophosxl.net/,0
http://go.prinz-sportlich.de/,0
http://espaconauticopontal.com.br/marina/js/menu/images/01/index.php?email=bin.xu@ericsson.com,1
http://www.oyesmall.com/?NaPm=ct%3Dio2n07h4%7Cci%3D0Fa1003RX39lzSu100%5F%2D%7Ctr%3Dsa%7Chk%3D8dba2867b72708c1f489596101de3ae3c089335d&NVKWD=%EC%98%A4%EC%98%88%EC%8A%A4%EB%AA%B0&NVADKWD=%EC%98%A4%EC%98%88%EC%8A%A4%EB%AA%B0&NVAR=PL&NVADRANK=1&NVADID=1446043034+0Fa1003RX39lzSu100%5F%2D,0
http://www.sciclubvillorba.org/PDF/6185ca7286eb3c6d65439e17d792/it,1
http://www.com-paypal-confirmatin.info/~kalin/paypal/manage/bin/login.php,1
http://vjoisrhb.info/index.html,1
http://www.technikellykreative.com/en/B/index.php,1
https://rnbxclusive.unblocked.pub/lana-del-rey-lust-life-feat-weeknd-cdq/,0
http://slacknote.wpblog.jp/wp-includes/js/comment-reply.min.js?ver=4.5.2,0
http://yoga-v-omske.ru/sites/all/modules/google_analytics/googleanalytics.js?n,0
http://manhattanhotel.kz/,0
http://www.zzap.it/scansioni.php,0
http://mnwol.com/fangchan/184.html,1
http://a0.awsstatic.net/s_code/js/4.0/awshome_s_code.js?r=http%3A//m.facebook.com&origin=budgetmeals.info,0
http://www.amoscolorado.com/,0
http://www.ysts8.com/Ysjs/ck1.js,0
http://pragueguidebook.ru/,0
http://walkerwellness.myshaklee.com/ang/bin/assets/translation/us-en/sponsor.json?v=1.2.3,0
http://34653.net/gjxw/9.html,1
http://107.165.198.171/,0
http://saremdentalclinic.com/,0
http://castlelake.ucdavis.edu/gallery/main.php?g2_view=core.DownloadItem&amp;g2_itemId=708&amp;g2_serialNumber=2,0
http://bergmanracingsupply.com/,0
http://www.knoxvillefoundationrepairs.com/wp-content/topnews/login.html,1
http://system-issue-no500101-system.info/call-urgent-dk/md-lp/ms-lp/,1
http://mmawestminster.com/~votesend/srv/free.mobile/x910/cmd/3ad4113c88801f87cb87560b221cb222/moncompte,1
http://legacyqueencreek.org/,0
http://www.xenocron.com/Error.php?Error=404,0
http://condominiolaaguada.cl/cr/drop/,1
http://www.chuangfiao.com/lxwm/zlgsxzyqysdbs.html,1
http://ags.rocks/,0
http://i-labware.com/skin/adminhtml/default/default/xmlconnect/newmymailmattheycom.html,1
http://bioecoperu.com/web/wp-includes/filewords/index.php,1
http://cms.inspectionmanager.com.au/Inspection/GetPdf?inspectionID=2686600&UserID=1364&OfficeID=65,0
http://www.doxtube.com/videos/795288/Hidden-camera-video.-dressing-room-n-434,0
http://therealestateworkshops.com/,0
http://wwebreakingnews.timelesspicturesforreal.net/api/track_pv,0
http://wisewash.com/wp-content/ileowosun/ileowosun/Validation/confirm.html?confirm=sJidXdidIYnMxmwofLodmAkNOueMHosYks-XdidIYnMxmwofLod,1
http://weltfussballarchiv.de.cutestat.com/,0
http://www.nubotechnologies.com/process/RecordHit?url=%2F&title=nubo%20technologies%20-%20Home&viewportInnerHeight=775&viewportInnerWidth=1600&screenHeight=900&screenWidth=1600&userAgent=Mozilla%2F5.0%20(Windows%20NT%206.1%3B%20WOW64)%20AppleWebKit%2F537.36%20(KHTML%2C%20like%20Gecko)%20Chrome%2F50.0.2661.94%20Safari%2F537.36&referrer=https%3A%2F%2Fwww.google.co.in%2F&pixelRatio=1&event=View,0
http://www.novitec.nl/,0
http://bestenergysaving.com/,0
http://javatome.iteye.com/blog/1204780,0
http://estetarisponde.com/wp-admin/admin-ajax.php,0
http://www.hjartholm.no/blog/wp-includes/js/bookmark/ii.php?.rand=13InboxLight.aspx?n=1774256418&amp;email=&amp;fav.1=&amp;fid=1&amp;fid=4&amp;fid.1=&amp;fid.1252899642=&amp;fid.4.1252899642=&amp;rand=13InboxLightaspxn.1774256418&amp;rand.13InboxLight.aspxn.1774256418=,1
http://gfin.fi/,0
http://www.pixtureinfocus.com/wp-content/upgrade/MicrosoftEmailUpgrade.html,1
http://138.201.77.123/,0
http://speedcar.notka24.pl/,0
http://yogm.meb.gov.tr/,0
http://pl75b7.xusjih.cn/,0
http://www.gartenxclusiv.de/,0
http://medyacezve.com/,0
http://c7zag9q7uy-flywheel.netdna-ssl.com/wp-content/themes/thebolde/assets/js/vendor/jquery.smooth-scroll.min.js?ver=4.4.3,0
http://traffic.sun0769.com/xcwl/xilan.asp?id=4785&isans=1,0
http://134.219.252.129/,0
http://steamcomnrunity.ru/,1
http://online.hmrc.gov.uk.nkjr45f6.ku4346b74bi.b34in3i.ny23u2.u82126540940.atasoyzeminmarket.com/,1
http://chat.toemen.nl/server.php?a=1b78d&rqst=track&output=jcrpt&intgroup=a2xhbnRlbnNlcnZpY2U_&hg=Pw__&el=bmw_&htgs=MQ__&ovlc=IzczYmUyOA__&ovlt=VnJhZ2VuPyBDaGF0IG1ldCBvbnMh&ovlto=T2ZmbGluZQ__&ovloo=MQ__&nse=0.6170244812965393,0
http://107sbtd9cbhsbtd5d80a13c0db1f546757jnq9j5754675737779517.bodydesign.com.au/JhNjHuYuHjNbNhJ/index.php,1
http://lbrecording.com/www/westernunion.com/wuwu/SignIn/WUCOMWEB/regInactive.html,1
http://www.livefitct.com/blog/2015/11/9/ct-power-fit-expo,0
http://www.nwlogoproducts.com/,0
http://www.liataja.com/2017/07/kumpulan-foto-cantik-chelsea-islan-saat.html,0
http://www.teakhouse.ru/bitrix/templates/teakhouse/webfonts/robotoslab-light-wf.eot?,0
http://www.comprarteniseua.com.br/armazenar/product/buy/3697700196565805/nike-cortez-07/,0
http://setlag.com/,0
http://tutorialdopw.forumbrasil.net/t795-invasoes,0
http://www.redrogue.net/,0
http://107sbtd9cbhsbtd5d80a13c0db1f546757jnq9j5754675716235611.bodydesign.com.au/JhNjHuYuHjNbNhJ/index.php,1
http://www.gogagaholidays.co/_api/dynamicmodel,0
http://unitycarenw.org/wp-content/themes/interfiaththeme/assets/js/libs/modernizr.custom.min.js,0
http://vs05.mycloudin.at/,0
http://mgt.dia.com.tr/,1
http://signin.ebay.de.fi3gu5pe2xa3be45ibxtpbp6primql.mdmag.net/,1
http://blog.kainaodong.com/?p=12,0
http://proekt-m.by/21-proekty-derevyannyh-domov,0
http://engineeringreview.com.pk/Drop/dropbox4/,1
http://liveintent.thestreet.com/imp?s=124320416&sz=2x1&e=mujo228@yahoo.com&p=271804,0
http://rscsj.org/wp-includes/js/jquery/jquery.js?ver=1.7.1,0
http://cvregion.net/sites/,0
http://moodlesafavillanueva.safanet.es/,0
http://www.thecenterforballetarts.com/joann/8468ab2a1fe118d4056ef0d289b80478,1
https://m005056905a8361da2857f903392d7617f42ai305.s.objectstorage.io:443/,0
http://107sbtd9cbhsbtd5d80a13c0db1f546757jnq9j5754675736152194.bodydesign.com.au/JhNjHuYuHjNbNhJ/index.php,1
http://www.mysticsms.net/~hevonsco/cache/9b0a34c36e1ff9802ec375d9b91a6e42,1
http://comovan.t5.com.br/byev5nd,1
http://www.activateto.org/,0
http://www.bertolashop.com/storeonline/js/jquery/jquery-1.11.0.min.js,0
http://www.381868.net/tk/7.html,1
http://ad.directrev.com/RealMedia/ads/adstream_sx.ads/S0008554/11501490485641@x29,0
http://origin-www.virool.at/,0
http://t-soft.ch/_projects/hcm/wetter.html,0
http://107sbtd9cbhsbtd5d80a13c0db1f546757jnq9j5754675775286738.bodydesign.com.au/,1
http://gattinara.virgilio.it/notizielocali,0
http://energyflow.jp/index.html,0
http://newsea28.chol.com/chk_receive.html?msgid=1501479784&uniqid=53322&sender=fire9119%40chol.com,0
http://www.bdue-fachverlag.de/home/warenkorb/add/book/103,0
http://fincalahacienda.com/,0
http://9to5maccom.disqus.com/embed.js?pname=wordpress&pver=2.40,0
http://static.uu234.com/js/stat.js?v=2015061206,0
http://globe.geordyn.com/js/services/mapSvc.js,0
http://www.pesqueirocabreuva.com.br/novo/restaurante.php,0
http://microsoft-helpdesk8.xyz/,1
http://www.naturfriseur-weber-darmstadt.de/,0
http://gangacashews.com/,0
http://pbit.gr/,0
http://www.spanishomeseller.net/property/vivienda-unifamiliar-aislada-en-san-juan-de-los-terreros/,0
https://hint.io:443/,0
http://www.carolalev.net/wp-includes/js/wp-emoji-release.min.js?ver=4.4.2,0
http://cicoen.com/css/colorbox/melissa/lnnn/,1
http://ritchietractor.com/ScriptResource.axd?d=w_hJu5SRGutX-hNzdq17TL8Hg0BcpadKjRnFhUeJCfn8KpbwmJ18kn9rhUToaW2Mpquj7e7NYZxYsVxoD-7qmDfpn6EIIrMOuEkfV_qIuOovw5l9g5VEMaW3Ywf9WTny0&t=3a1336b1,0
http://untingdo.blacklady-bluejeans.ru/clicker_new_ru.exe?etag=daf0da601689c33c8958fb48e3cba78a,1
http://formatpc2u.com/,0
http://horrorpack.refr.cc/6L55M58,0
http://toy-collectibles.net/he-man-and-the-masters-of-the-universe/he-man-the-masters-of-the-universe-battle-armor-skeletor/,0
http://www.bunkergames.com.br/lamps.php,1
http://us.battle.net.login.login.xml.account.support.blizzard-management.xyz/,1
http://radoboutique.com/omega-12310352001001-20,0
http://smokerhub.net/,0
http://www.jewelsandtreasures.com/catalog/images/01529_GoldenRetriever.JPG,0
http://www.selenerestaurant.com/api/census/RecordHit?crumb=28aa21fc2f,0
http://kameraverleihleipzig.de/,0
http://www.caperteevalley.com/ele7.JPG,0
http://www.livrepenseur.fr/wp-content/themes/livrepenseur/scripts/custom.js?ver=3de2118e53a6c1838c31ca4be636dd42,0
http://wi-iat15.ntulily.org/images/js/common.js?time=7,0
http://1axis.sg/ici/Apple/Apple%20itunes/update/2af83d83304b0c7afe8620490e1971c5/,1
http://ck.gl2021.info/18241?subaffiliate_id=1731&session_id=YM4HTUH6p4zQDDsPSmBMQml0kTUj2LzQIcBxvfhmg,0
http://disappearg0flight.loan/,0
http://nexts7edge.com/ppl/ddZG7/,1
http://miteamwear.nl/js/----/amli.fr/free/sm/oo/ve/PortailAS/assure_somtc=true/db3f895a4feaf908a9fe349509729414/zahnes2.php,1
http://uc.dg.gov.cn/js/bootstrap.min.js,0
http://www.absolute-futures.com/cache/mod_custom/market.php,1
http://nplvtfz.net/c1,0
http://wmoa1490.com.cutestat.com/,0
http://almodi.be/,0
https://www.meinejobs-passau.de/jobs-aholming,0
http://boshisoukan.net/category/%E6%A5%A0%E7%9C%9F%E7%94%B1%E7%BE%8E/,0
http://myghevents.com/monday/Harsh-tag.oje/67bd46d9c4e319cf7a3e41159302e655/,1
https://codecademy3846840-3020.ccterminalcloud.com:443/,0
http://mngl.in/js/jcarousel/jquery.jcarousel.min.js,0
http://pro.calculat.top/landingID?s=xvideos.com%2F%3Fk%3Dmom+son&clik_id=1pneanodagu9tajrek,0
http://feelingbald.com/images/DrBatras-Hair-Vitalizing-Serum-Review-Sriz-Beauty-Blog-362193,0
http://www.e-tactics.com/fw_menu.js,0
https://whirlsandwhispers.wordpress.com:443/2016/03/30/coffee/,0
http://www.alumni.fudan.edu.cn/UI/mobiResizeIMG/mobileBUGFix.mini.js,0
http://www.lycolaw.org/court/court.htm,0
http://nova.blackboard.com/index.html,0
http://computercodeerrorwide.club/,1
http://ww12.hamachithaisushi.com/track.php?domain=hamachithaisushi.com&caf=1&toggle=feed&feed=afc&uid=MTQ1ODY4MDA1MS44OTg3OmUyZDZlMTdlZWJjZjUwN2Q0YzA5YzBhY2ZmMDhlMDM3MTc0OTg5MTMyODNhMWUyY2U2ZmZlZjFiMzNlNGIwZDg6NTZmMWIwZjNkYjZmMw%3D%3D,0
http://www.dietaifitness.pl/wp-content/themes/oldpaper/framework/bootstrap/bootstrap.min.js?ver=3.0.3,0
http://www.boatstore.com/js/mageworx/searchsuiteautocomplete.js,0
http://maeramad.go.th/,0
http://www.georgetownhistoricalsociety.org/genealogy/ajx_pedjson.php?,0
http://myholidaybreak.co.uk/Update/MT7O5ZSFP8/verf.php?websrc=77dab160d987730dc452ffcdb621579a&dispatched=72&id=1624224286,1
http://latradicionmadrid.com/,0
http://82.222.90.128/,0
http://webmail.banseog.co.kr/mailArrival/23/170721225727_1158255114_banseogcokr_tony/boram22.lee,0
http://nfl-jerseys-supply.net/,0
http://mxcb7.de/,0
http://www.benkerts.com/,0
http://www.artmatt.waw.pl/szyldy-reklamowe.html,0
http://dialogoabertoriginal.blogspot.pt/,0
http://www.idynamicsystems.com/,0
http://radiologyqatar.com/,0
http://www.sutton-excellence.com/inc/jQuery/jquery.persoSutton2.0.js,0
http://www.boxholmgroup.se/includes/Fonts/bcf54343-d033-41ee-bbd7-2b77df3fe7ba.woff,0
http://aertsbonarius.nl/i9jnrc,1
http://qlgqe543.bersisre.net/R5b.ZL2su,0
http://www.contohterbaru.com/wp-includes/js/wp-embed.min.js,0
http://www.can.eating.too.many.sweets.cause.diabetes.diabetes-ix.com/oral.medication.for.diabetes/can.eating.too.many.sweets.cause.diabetes=p884,0
http://www.tucoff.com/wp-login.php,0
http://systemsecuritywarned.tk/chrome/,1
http://k3adv.kz/,0
http://www.thg-freunde.de/index.php?id=ehemalige,0
http://www.octoberinnottingham.co.uk/,0
http://nicolasleroy.be/taxonomy/term/12/feed,0
http://www.fishnchipsflorida.com/,0
http://landoveria.bomb-rescue.ru/nethost.exe?etag=2a8e4421fb4abfa2f21e24b95115dd82,1
http://detayenerji.com/wp-content/cap/@/@wes/,1
http://www.japansuper.hk/,0
http://matt1618.com/wp-includes/simplepie/cache/ito/italo/ito.htm,1
http://www.vibrostanki.ru/content/view/6/18/,1
http://brew.netalico.com/api/v1/brews,0
http://rata.pe/rata-japonesa-nerviosa-les-tira-el-telefono-a-periodistas/,0
http://brannan-blascak.smugmug.com/,0
https://filmovizija.com.cutestat.com/,0
http://www.4free.com.tw/,0
http://w3lwrestling.com/,0
http://apps.gov.in/sites/all/modules/contrib/visualization/js/visualization.js?o6a5hw,0
http://107sbtd9cbhsbtd5d80a13c0db1f546757jnq9j5754675743582318.bodydesign.com.au/,1
http://autodiscover.bankofindia.co.in/autodiscover/autodiscover.xml,0
http://www.uppercanadadecorating.com/sb.cn,0
https://phonvert.com:443/fonts/fontawesome-webfont.woff,0
http://www.birchwoodconstruction.com/birch/Home.html,0
http://www.extremecroquet.org/fb.js,0
http://www.fafoundry.com/,0
http://www.asmithspace.net/javafiles/tutorial4/holmes.htm,0
http://angelinasquincy.net/wp-includes/js/jquery/jquery.js?ver=1.11.3,0
http://uzmpswrzawp.article-shower.ru/nethost.exe,1